{"_wandb":{"runtime":132},"epoch/learning_rate":0.0010000000474974513,"epoch/val_accuracy":0.6957407593727112,"_step":1,"epoch/val_loss":0.9195939898490906,"_runtime":132,"epoch/accuracy":0.7306944727897644,"epoch/loss":0.8899357318878174,"_timestamp":1.777117929987073e+09,"epoch/epoch":1}