{"_step":11,"epoch/learning_rate":9.999999747378752e-05,"epoch/epoch":11,"_wandb":{"runtime":654},"_timestamp":1.7771259959645302e+09,"epoch/loss":0.5493672490119934,"epoch/val_loss":0.5506373047828674,"epoch/accuracy":0.8057407140731812,"epoch/val_accuracy":0.8175926208496094,"_runtime":654}