{"epoch/val_loss":0.4620051085948944,"epoch/accuracy":0.9177777767181396,"_wandb":{"runtime":868},"epoch/val_accuracy":0.8577777743339539,"_runtime":868,"_timestamp":1.7769387615605223e+09,"_step":28,"epoch/learning_rate":0.0010000000474974513,"epoch/epoch":28,"epoch/loss":0.23362591862678528}