{"epoch/val_accuracy":0.7799999713897705,"epoch/learning_rate":2.499999936844688e-05,"epoch/val_loss":0.8152205348014832,"_runtime":685,"epoch/epoch":43,"epoch/accuracy":0.8212500214576721,"_timestamp":1.7771582432139332e+09,"_wandb":{"runtime":685},"_step":43,"epoch/loss":0.5198301672935486}