{"epoch/learning_rate":0.0010000000474974513,"_timestamp":1.7769404052395153e+09,"_runtime":266,"epoch/val_loss":0.6596820950508118,"epoch/accuracy":0.9256250262260437,"epoch/loss":0.22750580310821533,"_wandb":{"runtime":266},"epoch/val_accuracy":0.7850000262260437,"epoch/epoch":7,"_step":7}