{"epoch/val_loss":0.4994295835494995,"epoch/loss":0.3074664771556854,"epoch/accuracy":0.8928240537643433,"_timestamp":1.7769348288937159e+09,"epoch/epoch":26,"epoch/val_accuracy":0.8468518257141113,"_runtime":1110,"_wandb":{"runtime":1110},"epoch/learning_rate":0.0010000000474974513,"_step":26}