{"epoch/val_accuracy":0.843999981880188,"_step":46,"_runtime":851,"_wandb":{"runtime":851},"epoch/accuracy":0.8694999814033508,"epoch/val_loss":0.5595169067382812,"epoch/epoch":46,"epoch/learning_rate":2.499999936844688e-05,"epoch/loss":0.3615289330482483,"_timestamp":1.7771674087198439e+09}