{"_timestamp":1.7771286186148944e+09,"epoch/val_loss":0.5052320957183838,"epoch/epoch":42,"epoch/val_accuracy":0.8501851558685303,"epoch/accuracy":0.8687962889671326,"_wandb":{"runtime":2268},"epoch/loss":0.37125763297080994,"_step":42,"_runtime":2268,"epoch/learning_rate":6.24999984211172e-06}