{"epoch/loss":0.3397732675075531,"_timestamp":1.7760760384892828e+09,"epoch/val_loss":0.3357681632041931,"epoch/epoch":1,"epoch/accuracy":0.8860648274421692,"epoch/learning_rate":0.0010000000474974513,"_runtime":905,"epoch/val_accuracy":0.8870370388031006,"_step":1,"_wandb":{"runtime":905}}